FORTALEZA,Ceará
ICAPUÍ,Ceará
ACARAPE,Ceará
ACARAÚ,Ceará
ACOPIARA,Ceará
ALDEOTA,Ceará
ALTO SANTO,Ceará
ANTONINA DO NORTE,Ceará
APARECIDA DE GOIANIA,Goiás
AQUIRAZ,Ceará
ARACAJU,Sergipe
ARACAOIABA,Ceará
ARACATI,Ceará
ARATUBA,Ceará
AURORA,Ceará
BALSAS,Maranhão
BANABUIÚ,Ceará
BARBALHA
BARREIRA,Ceará
BARUERI,São Paulo
BATURITÉ,Ceará
BEBERIBE,Ceará
BELA CRUZ,Ceará
BELÉM,Pará
BELO HORIZONTE,Minas Gerais
BERBALHA,Ceará
BLUMENAU,Ceará
SOBRAL,Ceará
BRASÍLIA,Distrito Federal
BREJO SANTO,Ceará
CAJAZEIRAS,Paraíba
CAMOCIM,Ceará
CAMPINA GRANDE,Paraíba
CAMPINAS,São Paulo
CANINDÉ,Ceará
CARIDADE,Ceará
CARIRE,Ceará
CARIÚS,Ceará
CARNAUBAL,Ceará
CASCAVEL,Ceará
CAUCAIA,Ceará
CEDRO
CHOROZINHO,Ceará
CONTAGEM,Minas Gerais
COPIARA,Ceará
COREAU,Ceará
COREAÚ,Ceará
CRATEÚS,Ceará
CRATO,Ceará
CROATÁ,Ceará
CRUZ,Ceará
CURITIBA,Paraná
EUSÉBIO,Ceará
FARIAS BRITO,Ceará
FEIRA DE SANTANA,Bahia
FLEICHEIRINHA,Ceará
FLORIANÓPOLIS,Santa Catarina
FORQUILHA,Ceará
GRAÇA,Ceará
GRANJA,Ceará
GUAIÚBA,Ceará
GUARÁ,Distrito Federal
GUARACIABA DO NORTE,Ceará
GUARAMIRANGA,Ceará
HORIZONTE,Ceará
IGUATU,Ceará
INDEPENDÊNCIA,Ceará
IPAUMIRIM,Ceará
IPU,Ceará
ITAITINGA,Ceará
ITAPAJÉ,Ceará
ITAPIPOCA,Ceará
ITAPIUNA,Ceará
ITAREMA,Ceará
JABOATÃO DOS GUARARAPES,Pernambuco
JAGUARIBARA,Ceará
JAGUARIBE,Ceará
JAGUARUANA,Ceará
JATI,Ceará
JOÃO PESSOA,Paraíba
JUAJEIRO DO NORTE,Ceará
JUAZEIRO,Bahia
JUAZEIRO DO NORTE,Ceará
JUCÁS,Ceará
LIMOEIRO DO NORTE,Ceará
MACAPÁ,Amapá
MACEIÓ,Alagoas
MANAUS,Amazonas
MARACANAÚ,Ceará
MARANGUAPE,Ceará
MARCO,Ceará
MASSAPE,Ceará
MILAGRES,Ceará
MISSÃO VELHA,Ceará
MORADA NOVA,Ceará
MOSSORÓ,Rio Grande do Norte
NATAL,Rio Grande do Norte
NOVA OLINDA,Ceará
NOVO ORIENTE,Ceará
PACAJUS,Ceará
PACATUBA,Ceará
PAMAMIRIM,Rio Grande do Norte
PARACURU,Ceará
PARAIPABA,Ceará
PARELHAS,Rio Grande do Norte
PECEM,Ceará
PENTECOSTE,Ceará
PEREIRO
PINDORETAMA,Ceará
QUIRERE,Ceará
QUITERIANÓPOLES,Ceará
QUIXADÁ,Ceará
QUIXERAMOBIM,Ceará
QUIXERE,Ceará
RECIFE,Pernambuco
REDENÇÃO,Ceará
RIO BRANCO,Acre
RIO DE JANEIRO
RUSSAS,Ceará
SALVADOR,Bahia
SANTA QUITÉRIA,Ceará
SÃO BENEDITO,Ceará
SÃO GONÇALO DO AMARANTE,Ceará
SÃO LUÍS,Maranhão
SÃO PAULO,São Paulo
SENADOR POMPEU,Ceará
SENADOR SÁ,Ceará
SIMÕES FILHO,Bahia
SOLONÓPOLE,Ceará
SOUSA,Paraíba
TABULEIRO DO NORTE,Ceará
TERESINA,Piauí
TIANGUÁ,Ceará
TRAIRÍ,Ceará
TRINDADE,Goiás
UBAJARA,Ceará
UMARI,Ceará
UMIRIM,Ceará
URUBURETAMA,Ceará
VALENÇA,Bahia
VÁRZEA ALEGRE,Ceará
VILA LEOPOLDINA,São Paulo